data;Rt_positivi;Rt_sintomatici;Nuovi_casi;Deceduti;Dimessi_Guariti;Ricoverati
10/03/20;;;-1;0;0;0
11/03/20;;;4;0;0;0
12/03/20;;;0;0;0;0
13/03/20;;;0;0;0;0
14/03/20;;;12;0;0;0
15/03/20;;;-11;0;0;0
16/03/20;;;0;0;0;0
17/03/20;;;0;0;0;0
18/03/20;;;2;0;0;0
19/03/20;1,859188774;1,838859197;0;0;0;0
20/03/20;1,603355095;1,569807531;0;0;0;0
21/03/20;1,460755749;1,415976703;3;0;0;2
22/03/20;1,330081778;1,281117835;3;0;0;2
23/03/20;1,258645107;1,207062587;6;0;0;2
24/03/20;1,227262821;1,172542714;1;0;0;2
25/03/20;1,221800732;1,166846096;2;0;0;2
26/03/20;1,252708913;1,2006913;5;1;0;3
27/03/20;1,269658011;1,222879486;1;0;0;3
28/03/20;1,284608219;1,245886258;10;0;0;3
29/03/20;1,283355445;1,254852083;0;0;0;3
30/03/20;1,265921815;1,249634982;5;0;0;5
31/03/20;1,244012146;1,242355662;0;0;0;5
01/04/20;1,235410696;1,251648457;0;0;0;5
02/04/20;1,244971086;1,271075035;4;0;0;4
03/04/20;1,224616195;1,259129604;6;1;0;4
04/04/20;1,16589273;1,204275625;3;0;0;7
05/04/20;1,109955289;1,153163015;3;3;1;7
06/04/20;1,029393547;1,074674395;0;-1;0;8
07/04/20;0,914312019;0,956633178;0;0;0;8
08/04/20;0,792024508;0,83015914;1;0;0;8
09/04/20;0,694187654;0,728526374;0;0;0;8
10/04/20;0,617210511;0,646818275;4;1;0;9
11/04/20;0,551094631;0,575639961;3;0;3;8
12/04/20;0,505673329;0,524608743;0;0;0;8
13/04/20;0,47883643;0,491570695;0;0;0;8
14/04/20;0,459782613;0,465985835;0;0;2;7
15/04/20;0,410712339;0,410712339;0;0;1;6
16/04/20;0,361203002;0,361203002;2;0;1;5
17/04/20;0,363680315;0,363680315;0;0;0;5
18/04/20;0,387653916;0,387653916;0;0;0;5
19/04/20;0,414998712;0,414998712;1;0;2;3
20/04/20;0,448217569;0,448217569;0;0;0;3
21/04/20;0,494790858;0,494790858;0;0;0;3
22/04/20;0,537571593;0,537571593;0;0;0;3
23/04/20;0,486065037;0,486065037;0;0;0;3
24/04/20;0,467499799;0,467499799;1;0;1;2
25/04/20;0,461910968;0,461910968;0;0;1;1
26/04/20;0,485011807;0,485011807;0;0;0;1
27/04/20;0,53875385;0,53875385;1;0;0;1
28/04/20;0,604017344;0,604017344;0;0;1;1
29/04/20;0,602650681;0,602650681;2;0;1;0
30/04/20;0,470406612;0,470406612;0;0;0;0
01/05/20;;;0;0;0;0
02/05/20;;;0;0;0;0
03/05/20;;;0;0;1;0
04/05/20;;;0;0;2;0
05/05/20;;;0;0;2;0
06/05/20;;;0;0;0;0
07/05/20;;;0;0;0;0
08/05/20;;;0;0;1;0
09/05/20;;;0;0;0;0
10/05/20;;;1;0;0;0
11/05/20;;;0;0;0;0
12/05/20;;;0;0;1;0
13/05/20;;;1;0;0;0
14/05/20;;;0;0;2;0
15/05/20;;;0;0;14;0
16/05/20;;;4;0;0;0
17/05/20;;;0;0;10;0
18/05/20;;;0;0;1;0
19/05/20;;;0;0;1;0
20/05/20;;;0;0;1;0
21/05/20;;;0;0;9;0
22/05/20;;;0;0;3;0
23/05/20;;;0;0;0;0
24/05/20;;;0;0;2;0
25/05/20;;;0;0;3;0
26/05/20;;;0;0;0;0
27/05/20;;;0;0;4;0
28/05/20;;;0;0;0;0
29/05/20;;;0;0;0;0
30/05/20;;;0;0;0;0
31/05/20;;;0;0;1;0
01/06/20;;;0;0;0;0
02/06/20;;;0;0;0;0
03/06/20;;;0;0;0;0
04/06/20;;;0;0;0;0
05/06/20;;;0;0;0;0
06/06/20;;;0;0;1;0
07/06/20;;;0;0;0;0
08/06/20;;;0;0;0;0
09/06/20;;;0;0;0;0
10/06/20;;;0;0;2;0
11/06/20;;;1;0;0;0
12/06/20;;;0;0;1;0
13/06/20;;;1;0;0;0
14/06/20;;;0;0;0;0
15/06/20;;;0;0;0;0
16/06/20;;;0;0;0;0
17/06/20;;;0;0;0;0
18/06/20;;;0;0;0;0
19/06/20;;;0;0;0;0
20/06/20;;;1;0;0;1
21/06/20;;;0;0;0;0
22/06/20;;;0;0;0;0
23/06/20;1,506111851;1,506111851;0;0;0;0
24/06/20;1,385360646;1,385360646;0;0;0;0
25/06/20;1,26931751;1,26931751;0;0;0;0
26/06/20;1,158011173;1,158011173;0;0;0;1
27/06/20;1,051471969;1,051471969;0;0;0;1
28/06/20;0,949732005;0,949732005;0;0;0;1
29/06/20;0,852825373;0,852825373;0;0;0;1
30/06/20;0,760788396;0,760788396;0;0;0;1
01/07/20;0,673659914;0,673659914;1;0;1;1
02/07/20;0,591481642;0,591481642;0;0;0;1
03/07/20;;;1;0;0;1
04/07/20;;;0;0;0;1
05/07/20;;;0;0;0;0
06/07/20;;;0;0;0;0
07/07/20;;;0;0;0;0
08/07/20;;;0;0;0;0
09/07/20;;;0;0;0;0
10/07/20;;;0;0;0;0
11/07/20;;;0;0;0;0
12/07/20;;;0;0;0;0
13/07/20;;;0;0;0;0
14/07/20;;;0;0;0;0
15/07/20;;;0;0;0;0
16/07/20;;;0;0;1;0
17/07/20;;;1;0;0;0
18/07/20;;;0;0;0;0
19/07/20;;;0;0;2;0
20/07/20;;;0;0;0;0
21/07/20;;;0;0;0;0
22/07/20;;;0;0;0;0
23/07/20;;;0;0;0;0
24/07/20;;;0;0;0;0
25/07/20;;;1;0;0;0
26/07/20;1;1;0;0;0;0
27/07/20;;;0;0;0;0
28/07/20;;;0;0;0;0
29/07/20;;;0;0;0;0
30/07/20;;;0;0;0;0
31/07/20;;;3;0;0;0
01/08/20;;;0;0;0;0
02/08/20;;;0;0;0;0
03/08/20;;;0;0;0;0
04/08/20;;;0;0;0;0
05/08/20;;;0;0;0;0
06/08/20;;;0;0;2;0
07/08/20;;;0;0;0;0
08/08/20;;;0;0;0;0
09/08/20;;;0;0;0;0
10/08/20;;;0;0;0;0
11/08/20;;;0;0;0;0
12/08/20;;;0;0;0;0
13/08/20;;;1;0;0;0
14/08/20;;;0;0;0;0
15/08/20;;;0;0;0;0
16/08/20;;;0;0;0;0
17/08/20;;;0;0;0;0
18/08/20;1,257973233;1,257973233;0;0;0;0
19/08/20;1,213070385;1,213070385;0;0;0;0
20/08/20;1,1689278;1,1689278;0;0;0;0
21/08/20;1,125547438;1,125547438;0;0;0;0
22/08/20;1,082931307;1,082931307;0;0;0;0
23/08/20;1,04108146;1,04108146;0;0;0;0
24/08/20;1;1;0;0;0;0
25/08/20;1,093513582;1,093513582;0;0;0;0
26/08/20;1,25349979;1,25349979;0;0;0;0
27/08/20;1,385823634;1,385823634;0;0;0;0
28/08/20;1,485299199;1,485299199;0;0;0;0
29/08/20;1,548216169;1,548216169;0;0;0;0
30/08/20;1,572302248;1,572302248;0;0;0;0
31/08/20;1,650422738;1,650422738;4;0;0;0
01/09/20;1,730302579;1,730302579;0;0;0;0
02/09/20;1,713989555;1,713989555;0;0;0;0
03/09/20;1,656725232;1,656725232;0;0;2;0
04/09/20;1,560463382;1,560463382;0;0;0;0
05/09/20;1,494065402;1,494065402;0;0;0;0
06/09/20;1,431236487;1,431236487;0;0;0;0
07/09/20;1,315480333;1,315480333;0;0;0;0
08/09/20;1,361591531;1,361591531;0;0;0;0
09/09/20;1,476049198;1,476049198;1;0;0;0
10/09/20;1,569602482;1,569602482;1;0;0;0
11/09/20;1,677338816;1,677338816;0;0;1;0
12/09/20;1,755934774;1,755934774;0;0;0;0
13/09/20;1,803339676;1,803339676;0;0;0;0
14/09/20;1,702219516;1,702219516;2;0;0;0
15/09/20;1,589775027;1,589775027;0;0;0;0
16/09/20;1,539759487;1,539759487;0;0;0;0
17/09/20;1,482889747;1,482889747;0;0;0;0
18/09/20;1,434151889;1,434151889;2;0;0;0
19/09/20;1,415648661;1,415648661;3;0;0;1
20/09/20;1,439656824;1,439656824;3;0;0;1
21/09/20;1,433316517;1,433316517;0;0;0;1
22/09/20;1,44407616;1,44407616;0;0;0;2
23/09/20;1,448837168;1,448837168;3;0;0;2
24/09/20;1,473810035;1,473810035;0;0;0;2
25/09/20;1,490338609;1,490338609;4;0;0;2
26/09/20;1,494802749;1,494802749;0;0;0;2
27/09/20;1,470106487;1,470106487;1;0;0;4
28/09/20;1,416928214;1,416928214;2;0;0;4
29/09/20;1,370598966;1,370598966;0;0;0;4
30/09/20;1,287998496;1,287998496;6;0;0;6
01/10/20;1,201591137;1,201591137;0;0;0;6
02/10/20;1,119875541;1,119875541;2;0;1;6
03/10/20;1,021411356;1,021411356;3;0;0;6
04/10/20;0,908789437;0,908789437;0;1;0;5
05/10/20;0,80995215;0,80995215;0;0;6;5
06/10/20;0,682969896;0,682969896;0;0;0;6
07/10/20;0,542741761;0,542741761;0;0;0;6
08/10/20;0,352819281;0,352819281;0;0;0;5
09/10/20;0,224223183;0,224223183;1;0;0;5
10/10/20;0,186035534;0,186035534;0;0;1;2
11/10/20;0,17222805;0,17222805;0;0;0;2
12/10/20;0,205972441;0,205972441;0;0;0;2
13/10/20;0,235214176;0,235214176;0;0;2;0
14/10/20;0,316834655;0,316834655;1;0;1;0
15/10/20;0,478817132;0,478817132;0;0;11;0
16/10/20;0,663884806;0,663884806;3;0;1;0
17/10/20;0,877847946;0,877847946;0;0;0;0
18/10/20;1,122511034;1,122511034;3;0;0;0
19/10/20;1,433501368;1,433501368;1;0;0;0
20/10/20;1,813024512;1,813024512;2;0;5;2
21/10/20;2,146539747;2,146539747;5;0;0;3
22/10/20;2,198814434;2,198814434;5;0;0;3
23/10/20;2,210633515;2,210633515;0;0;0;3
24/10/20;2,284180774;2,284180774;2;0;3;4
25/10/20;2,287432952;2,287432952;3;0;0;4
26/10/20;2,376061637;2,376061637;5;0;0;4
27/10/20;2,345551208;2,345551208;0;0;0;5
28/10/20;2,344580783;2,344580783;1;0;0;5
29/10/20;2,417955459;2,417955459;4;0;2;3
30/10/20;2,437348043;2,437348043;8;0;0;4
31/10/20;2,382520512;2,382520512;6;0;0;4
01/11/20;2,295750889;2,295750889;12;0;0;5
02/11/20;2,219125299;2,219125299;16;0;0;5
03/11/20;2,187418917;2,187418917;5;1;0;5
04/11/20;2,134874986;2,134874986;1;0;0;7
05/11/20;2,051012839;2,051012839;7;0;0;7
06/11/20;1,948209125;1,948209125;9;0;1;5
07/11/20;1,822593393;1,822593393;19;0;0;6
08/11/20;1,674576747;1,674576747;36;0;0;7
09/11/20;1,558322115;1,558322115;5;0;0;9
10/11/20;1,466524655;1,466524655;19;1;0;8
11/11/20;1,387670347;1,385544436;13;0;0;12
12/11/20;1,324965199;1,321183202;32;0;0;13
13/11/20;1,264529891;1,259412762;25;0;0;16
14/11/20;1,21169064;1,205648455;9;0;0;17
15/11/20;1,1750676;1,168556388;30;1;22;15
16/11/20;1,155819911;1,148931003;30;1;0;15
17/11/20;1,142422915;1,135466907;26;0;0;15
18/11/20;1,142185933;1,135502364;216;1;6;15
19/11/20;1,146178475;1,140109354;47;0;0;16
20/11/20;1,145883391;1,140760119;27;0;1;15
21/11/20;1,13301502;1,129051476;33;1;0;15
22/11/20;1,120532224;1,117926448;33;0;1;14
23/11/20;1,097596383;1,096523599;43;3;60;14
24/11/20;1,076868551;1,077564049;6;0;4;15
25/11/20;1,045039102;1,047255694;23;0;1;15
26/11/20;1,006208988;1,009668831;11;2;3;17
27/11/20;0,962030548;0,966348503;24;0;0;18
28/11/20;0,922413381;0,927345317;6;1;9;16
29/11/20;0,87904;0,884451885;3;0;2;16
30/11/20;0,827371955;0,832834385;0;2;54;16
01/12/20;0,787557159;0,792882154;0;0;0;15
02/12/20;0,757827875;0,762901292;13;0;122;20
03/12/20;0,741524015;0,746251642;5;0;0;15
04/12/20;0,740530957;0,744813575;12;1;131;16
05/12/20;0,744883918;0,748484951;5;0;0;16
06/12/20;0,757806464;0,760489503;44;0;26;22
07/12/20;0,768395065;0,769857234;43;0;0;16
08/12/20;0,768886106;0,768886106;5;0;0;16
09/12/20;0,771730999;0,771730999;5;2;0;17
10/12/20;0,789151433;0,789151433;13;1;51;17
11/12/20;0,82331516;0,82331516;5;0;79;15
12/12/20;0,868797079;0,868797079;5;0;0;15
13/12/20;0,930837427;0,930837427;19;1;124;12
14/12/20;0,989080829;0,989080829;21;0;0;12
15/12/20;1,056695492;1,056695492;11;0;18;12
16/12/20;1,116950972;1,116950972;21;0;61;13
17/12/20;1,164939719;1,164939719;14;1;35;13
18/12/20;1,21869652;1,21869652;18;0;0;13
19/12/20;1,278727094;1,278727094;16;0;2;11
20/12/20;1,354751835;1,354751835;1;0;0;11
21/12/20;1,422891471;1,422891471;16;0;56;12
22/12/20;1,471074631;1,471074631;6;1;10;12
23/12/20;1,508306021;1,508306021;50;0;10;14
24/12/20;1,534643192;1,534643192;12;0;4;14
25/12/20;1,547600759;1,547600759;53;0;0;14
26/12/20;1,538795735;1,538795735;32;0;23;16
27/12/20;1,548636099;1,548636099;82;0;0;6
28/12/20;1,553484386;1,553484386;94;0;0;6
29/12/20;1,54203399;1,54203399;47;0;2;6
30/12/20;1,508095521;1,508095521;171;1;12;8
31/12/20;1,449916208;1,449916208;42;2;6;8
01/01/21;1,386042784;1,386042784;40;0;2;10
02/01/21;1,322659131;1,322659131;32;0;49;4
03/01/21;1,259504583;1,259504583;29;0;0;12
04/01/21;1,20474901;1,20474901;41;0;1;12
05/01/21;1,156765367;1,156765367;9;0;18;13
06/01/21;1,121934943;1,121934943;38;0;0;13
07/01/21;1,089509814;1,089509814;85;1;26;14
08/01/21;1,06337807;1,06337807;43;1;25;14
09/01/21;1,035209902;1,035209902;55;0;8;18
10/01/21;0,996952401;0,996952401;73;0;7;18
11/01/21;0,961256331;0,960298288;65;0;50;15
12/01/21;0,926121018;0,924348112;10;0;30;15
13/01/21;0,8967315;0,894303964;12;0;2;16
14/01/21;0,887503401;0,884607849;51;0;17;17
15/01/21;0,877730186;0,874474073;56;0;30;16
16/01/21;0,869193495;0,865671093;7;0;26;17
17/01/21;0,859475421;0,855833552;19;0;10;17
18/01/21;0,852770914;0,848030744;9;0;62;20
19/01/21;0,841496475;0,836019658;14;0;17;16
20/01/21;0,836518099;0,830602738;24;0;21;17
21/01/21;0,840533041;0,834449228;17;3;126;17
22/01/21;0,853430998;0,847452365;20;0;53;17
23/01/21;0,873882176;0,868340261;32;0;43;16
24/01/21;0,89438871;0,889608808;4;1;10;15
25/01/21;0,908516656;0,904978675;15;1;229;15
26/01/21;0,92371893;0,921450691;-9;0;-214;15
27/01/21;0,939450928;0,938475903;50;0;348;15
28/01/21;0,958901611;0,959253774;66;0;6;14
29/01/21;0,978452531;0,980162968;18;1;91;16
30/01/21;0,988902383;0,991933212;36;0;58;16
31/01/21;0,995823446;0,998970925;17;0;3;17
01/02/21;1,013765893;1,017154496;25;0;118;16
02/02/21;1,02972142;1,033167345;12;0;0;15
03/02/21;1,032429006;1,035647497;25;2;53;14
04/02/21;1,02483609;1,027554785;14;1;21;15
05/02/21;1,019170766;1,02120807;29;1;89;17
06/02/21;1,017188968;1,018397834;47;0;0;17
07/02/21;1,007712052;1,007849676;16;2;0;11
08/02/21;1,018207161;1,018591135;20;0;0;14
09/02/21;1,025270057;1,024770557;24;1;0;14
10/02/21;1,040512231;1,039386256;25;0;31;14
11/02/21;1,037605394;1,035892584;49;4;67;13
12/02/21;1,035989595;1,033866771;1;0;30;14
13/02/21;1,039255635;1,036958531;35;0;82;12
14/02/21;1,041810938;1,039142575;32;0;0;13
15/02/21;1,05780779;1,056052295;6;1;0;10
16/02/21;1,078721639;1,077915461;26;0;39;10
17/02/21;1,088636936;1,088732249;23;1;35;9
18/02/21;1,088900186;1,089842414;44;0;0;13
19/02/21;1,078514454;1,080243871;61;1;30;12
20/02/21;1,067432697;1,069939056;45;0;15;12
21/02/21;1,049443258;1,052669145;25;0;4;12
22/02/21;1,029710979;1,033634829;5;1;12;14
23/02/21;1,008696069;1,013074581;15;0;28;16
24/02/21;0,987995187;0,992593773;22;0;46;16
25/02/21;0,96416305;0,968597446;39;1;3;16
26/02/21;0,936008137;0,939950609;41;1;29;14
27/02/21;0,915807121;0,919068128;32;0;10;16
28/02/21;0,896715756;0,900179875;28;0;111;16
01/03/21;0,860454931;0,863907932;17;0;0;16
02/03/21;0,835929649;0,839285171;0;1;46;16
03/03/21;0,816033089;0,81917855;19;0;0;16
04/03/21;0,816046836;0,818899383;19;1;17;16
05/03/21;0,815689252;0,818062519;25;0;29;16
06/03/21;0,817699561;0,819450397;10;1;21;14
07/03/21;0,837743713;0,838739623;24;0;18;12
08/03/21;0,874934195;0,873824201;14;0;13;14
09/03/21;0,930136476;0,928082439;11;0;10;15
10/03/21;0,995112289;0,992315719;16;1;1;13
11/03/21;1,069607873;1,066229309;133;0;0;13
12/03/21;1,142551146;1,138758373;35;0;73;14
13/03/21;1,226022773;1,222032735;14;1;0;14
14/03/21;1,297065938;1,293084501;12;2;48;15
15/03/21;1,339723936;1,3359725;20;2;4;15
16/03/21;1,373190464;1,369887051;12;0;24;15
17/03/21;1,378434114;1,375763775;7;0;0;16
18/03/21;1,362155306;1,360230942;54;0;15;15
19/03/21;1,32909878;1,32806556;24;1;75;15
20/03/21;1,270700623;1,270675248;21;0;13;15
21/03/21;1,205104384;1,206167024;27;0;28;16
22/03/21;1,145795614;1,147452353;30;1;9;15
23/03/21;1,089437748;1,091538329;6;0;24;16
24/03/21;1,02711739;1,029562029;23;1;5;15
25/03/21;0,965802182;0,968465359;33;1;23;15
26/03/21;0,913905038;0,916668133;34;0;31;16
27/03/21;0,863572445;0,866374611;34;0;22;16
28/03/21;0,818590271;0,821341393;18;1;0;15
29/03/21;0,783920581;0,786540542;15;0;25;15
30/03/21;0,748871498;0,751294834;15;1;3;16
31/03/21;0,734455138;0,736618634;19;0;103;16
01/04/21;0,732527923;0,734311765;34;0;15;16
02/04/21;0,742446055;0,743756625;12;0;7;16
03/04/21;0,757318443;0,758039758;26;1;116;16
04/04/21;0,788782153;0,788782153;14;0;0;16
05/04/21;0,816733724;0,816733724;2;0;0;16
06/04/21;0,85450114;0,85450114;0;2;14;15
07/04/21;0,894844895;0,894844895;10;0;42;17
08/04/21;0,934293119;0,934293119;43;0;10;17
09/04/21;0,968892751;0,968892751;46;0;30;16
10/04/21;0,998831248;0,998831248;37;0;11;16
11/04/21;1,030012499;1,030012499;40;0;80;17
12/04/21;1,057273148;1,057273148;0;0;3;15
13/04/21;1,055404328;1,055404328;19;0;2;15
14/04/21;1,047916419;1,047916419;8;0;52;15
15/04/21;1,04204775;1,04204775;29;1;22;15
16/04/21;1,02816249;1,02816249;12;1;17;15
17/04/21;1,020268239;1,020268239;31;1;23;16
18/04/21;1,016660477;1,016660477;9;0;0;16
19/04/21;1,005446118;1,005446118;0;0;29;16
20/04/21;0,986742541;0,986742541;6;0;0;16
21/04/21;0,992462474;0,992462474;52;0;28;16
22/04/21;1,019040253;1,019040253;24;1;47;16
23/04/21;1,041214127;1,041214127;11;0;15;15
24/04/21;1,067646674;1,067646674;27;0;33;16
25/04/21;1,103578465;1,103578465;65;0;3;16
26/04/21;1,144022609;1,144022609;1;0;17;16
27/04/21;1,180448152;1,180448152;32;0;14;16
28/04/21;1,21225284;1,21225284;35;3;45;14
29/04/21;1,228634926;1,228634926;34;0;35;16
30/04/21;1,225142628;1,225142628;20;0;0;20
01/05/21;1,218887164;1,218887164;31;0;46;20
02/05/21;1,191073568;1,191073568;6;0;4;20
03/05/21;1,147492786;1,147492786;4;1;19;20
04/05/21;1,082980177;1,082980177;10;0;12;20
05/05/21;1,017145304;1,017145304;17;0;0;20
06/05/21;0,952004958;0,952004958;24;0;28;20
07/05/21;0,897093385;0,897093385;18;1;21;21
08/05/21;0,837901085;0,837901085;17;0;9;20
09/05/21;0,779947507;0,779947507;31;0;20;20
10/05/21;0,733584026;0,733584026;4;2;29;19
11/05/21;0,692829734;0,692829734;13;2;10;18
12/05/21;0,659049039;0,659049039;11;0;38;18
13/05/21;0,636724311;0,636724311;15;0;22;20
14/05/21;0,630030575;0,630030575;6;0;31;20
15/05/21;0,633528818;0,633528818;17;0;45;19
16/05/21;0,641139305;0,641139305;29;0;20;18
17/05/21;0,651589888;0,651589888;0;1;10;20
18/05/21;0,670304903;0,670304903;0;0;31;20
19/05/21;0,67099238;0,67099238;12;0;30;20
20/05/21;0,664461501;0,664461501;17;1;26;20
21/05/21;0,659815104;0,659815104;15;0;26;20
22/05/21;0,658601634;0,658601634;9;1;20;20
23/05/21;0,658917924;0,658917924;1;0;9;18
24/05/21;0,666925197;0,666925197;14;0;12;18
25/05/21;0,695124595;0,695124595;4;1;19;15
26/05/21;0,73122401;0,73122401;8;0;14;12
27/05/21;0,774754983;0,774754983;10;0;18;12
28/05/21;0,83191387;0,83191387;0;0;19;11
29/05/21;0,892599989;0,892599989;31;0;18;9
30/05/21;0,957174781;0,957174781;18;0;16;9
31/05/21;1,018977416;1,018977416;0;0;13;8
01/06/21;1,077057271;1,077057271;1;0;8;7
02/06/21;1,101808423;1,101808423;31;0;16;4
03/06/21;1,108344999;1,108344999;4;0;17;5
04/06/21;1,091995417;1,091995417;16;0;9;6
05/06/21;1,055735009;1,055735009;13;0;20;6
06/06/21;1,009332467;1,009332467;8;0;10;6
07/06/21;0,931848334;0,931848334;0;0;1;6
08/06/21;0,862528302;0,862528302;13;0;4;8
09/06/21;0,784252204;0,784252204;1;0;9;8
10/06/21;0,694353379;0,694353379;8;1;13;7
11/06/21;0,610655254;0,610655254;5;0;13;7
12/06/21;0,545157374;0,545157374;13;0;7;7
13/06/21;0,526470085;0,526470085;6;0;15;7
14/06/21;0,514591741;0,514591741;0;0;3;7
15/06/21;0,504040535;0,504040535;0;0;6;7
16/06/21;0,518907802;0,518907802;9;0;13;7
17/06/21;0,563933892;0,563933892;4;1;25;4
18/06/21;0,617651073;0,617651073;15;0;8;4
19/06/21;0,677442376;0,677442376;6;0;28;4
20/06/21;0,745532198;0,745532198;8;0;8;4
21/06/21;0,803198689;0,803198689;0;0;14;2
22/06/21;0,854202563;0,854202563;3;0;0;2
23/06/21;0,894410544;0,894410544;2;0;16;2
24/06/21;0,913393724;0,913393724;1;0;10;3
25/06/21;0,907986202;0,907986202;4;0;10;3
26/06/21;0,878097819;0,878097819;1;0;5;3
27/06/21;0,827131534;0,827131534;3;0;5;3
28/06/21;0,767727267;0,767727267;0;0;4;3
29/06/21;0,697923976;0,697923976;4;0;13;2
30/06/21;0,630776383;0,630776383;1;0;3;3
01/07/21;0,519072798;0,519072798;0;0;3;3
02/07/21;0,441058261;0,441058261;1;0;5;3
03/07/21;0,390465966;0,390465966;0;0;0;4
04/07/21;0,372215975;0,372215975;0;0;8;4
05/07/21;0,323700048;0,323700048;1;0;5;4
06/07/21;0,311380874;0,311380874;1;0;1;4
07/07/21;0,309296778;0,309296778;3;0;11;5
08/07/21;0,317327085;0,317327085;1;0;11;5
09/07/21;0,356094788;0,356094788;0;0;4;3
10/07/21;0,413764975;0,413764975;3;0;5;2
11/07/21;0,567982849;0,567982849;0;0;0;2
12/07/21;0,760836337;0,760836337;0;0;0;2
13/07/21;0,960173083;0,960173083;3;0;1;2
14/07/21;1,161096624;1,161096624;3;0;1;4
15/07/21;1,266307799;1,266307799;-2;0;0;4
16/07/21;1,379663855;1,379663855;0;0;2;3
17/07/21;1,528284218;1,528284218;3;0;0;3
18/07/21;1,675385008;1,675385008;1;0;0;3
19/07/21;1,708875311;1,708875311;0;0;0;3
20/07/21;1,749343326;1,749343326;2;0;3;3
21/07/21;1,757070507;1,757070507;7;0;5;3
22/07/21;1,669679856;1,669679856;0;0;0;3
23/07/21;1,559567681;1,559567681;2;0;0;3
24/07/21;1,413644842;1,413644842;3;0;0;3
25/07/21;1,40255253;1,40255253;1;0;0;3
26/07/21;1,404259029;1,404259029;0;0;0;3
27/07/21;1,394147935;1,394147935;7;0;2;3
28/07/21;1,383573378;1,383573378;11;0;11;3
29/07/21;1,36470063;1,36470063;11;0;0;3
30/07/21;1,389682762;1,389682762;0;0;2;3
31/07/21;1,428770773;1,428770773;8;0;2;3
01/08/21;1,458166727;1,458166727;8;0;0;3
02/08/21;1,483884761;1,483884761;0;0;1;2
03/08/21;1,493984191;1,493984191;8;0;3;2
04/08/21;1,554527987;1,554527987;3;0;4;1
05/08/21;1,606497736;1,606497736;9;0;3;1
06/08/21;1,658719987;1,658719987;11;0;3;2
07/08/21;1,746584836;1,746584836;23;0;2;2
08/08/21;1,779333726;1,779333726;24;0;6;4
09/08/21;1,797373288;1,797373288;0;0;1;4
10/08/21;1,812975411;1,812975411;18;0;0;4
11/08/21;1,813422696;1,813422696;15;0;3;4
12/08/21;1,789510026;1,789510026;24;0;2;2
13/08/21;1,775564368;1,775564368;17;0;0;3
14/08/21;1,725863564;1,725863564;1;0;4;4
15/08/21;1,678823974;1,678823974;32;0;10;4
16/08/21;1,644369941;1,644369941;0;0;0;5
17/08/21;1,596955402;1,596955402;1;0;11;4
18/08/21;1,561891571;1,561891571;40;0;5;6
19/08/21;1,526607703;1,526607703;18;0;3;6
20/08/21;1,478272956;1,478272956;37;0;19;6
21/08/21;1,444593687;1,444593687;18;0;2;7
22/08/21;1,409869852;1,409869852;18;0;1;7
23/08/21;1,377692243;1,377692243;34;0;4;9
24/08/21;1,346104285;1,346104285;8;1;11;10
25/08/21;1,30883262;1,30883262;24;0;18;10
26/08/21;1,271124211;1,271124211;14;1;8;10
27/08/21;1,21543574;1,21543574;21;0;24;10
28/08/21;1,156797723;1,156797723;18;0;5;10
29/08/21;1,085914693;1,085914693;20;0;8;9
30/08/21;1,021495901;1,021495901;24;0;14;10
31/08/21;0,964566665;0,964566665;16;0;24;9
01/09/21;0,908487274;0,908487274;9;0;18;7
02/09/21;0,862092386;0,862092386;11;1;9;7
03/09/21;0,830256953;0,830256953;12;0;13;8
04/09/21;0,795314303;0,795314303;6;0;1;8
05/09/21;0,756091738;0,756091738;33;1;40;8
06/09/21;0,717753061;0,717753061;2;0;10;9
07/09/21;0,678779478;0,678779478;14;0;17;10
08/09/21;0,644898351;0,644898351;13;0;31;9
09/09/21;0,614961606;0,614961606;9;0;16;9
10/09/21;0,601813144;0,601813144;0;0;13;9
11/09/21;0,597461699;0,597461699;6;0;37;7
12/09/21;0,607862933;0,607862933;9;0;9;7
13/09/21;0,616755208;0,616755208;1;0;16;9
14/09/21;0,621542237;0,621542237;5;0;28;9
15/09/21;0,612799395;0,612799395;2;-1;10;8
16/09/21;0,600999569;0,600999569;7;1;23;8
17/09/21;0,567144789;0,567144789;4;0;32;7
18/09/21;0,530784313;0,530784313;1;0;26;7
19/09/21;0,516125987;0,516125987;5;0;15;6
20/09/21;0,515895837;0,515895837;0;0;7;7
21/09/21;0,512261276;0,512261276;7;0;14;7
22/09/21;0,532204195;0,532204195;2;0;8;7
23/09/21;0,565656312;0,565656312;6;0;19;7
24/09/21;0,615128621;0,615128621;9;1;10;6
25/09/21;0,683336744;0,683336744;1;0;14;5
26/09/21;0,766589749;0,766589749;13;0;5;6
27/09/21;0,87325176;0,87325176;1;1;7;6
28/09/21;0,991801675;0,991801675;5;0;6;6
29/09/21;1,110283719;1,110283719;8;0;11;5
30/09/21;1,225369224;1,221299627;13;0;6;4
01/10/21;1,301515033;1,294228851;7;0;1;4
02/10/21;1,327316117;1,317604656;17;0;6;4
03/10/21;1,339626318;1,327937025;1;0;2;4
04/10/21;1,357994081;1,345259432;1;1;0;4
05/10/21;1,357722289;1,34481329;17;0;4;4
06/10/21;1,375893815;1,363326243;8;0;9;5
07/10/21;1,395068564;1,383454148;13;1;0;5
08/10/21;1,420764422;1,410826784;14;0;2;4
09/10/21;1,460193774;1,452569515;11;0;2;4
10/10/21;1,491915681;1,487311125;23;0;3;5
11/10/21;1,500503631;1,499359563;0;0;4;4
12/10/21;1,517113762;1,519986532;23;0;10;7
13/10/21;1,530224656;1,537562117;49;0;0;7
14/10/21;1,531117579;1,539752143;37;0;11;7
15/10/21;1,533971716;1,543758855;10;0;2;6
16/10/21;1,541419517;1,551983313;12;0;16;6
17/10/21;1,527346921;1,537872494;21;1;7;6
18/10/21;1,523591208;1,533989901;13;0;4;8
19/10/21;1,524699344;1,534783914;25;0;18;8
20/10/21;1,51075007;1,520127187;22;0;9;8
21/10/21;1,483442789;1,491788769;39;0;9;8
22/10/21;1,450647804;1,457863776;47;0;7;6
23/10/21;1,405919226;1,411884202;23;0;4;6
24/10/21;1,356593316;1,36127277;41;0;8;8
25/10/21;1,300249478;1,303409336;2;1;10;8
26/10/21;1,245693143;1,24731319;12;1;8;8
27/10/21;1,203197189;1,203197189;37;0;15;8
28/10/21;1,152548197;1,152548197;19;0;13;7
29/10/21;1,096278878;1,096278878;14;0;12;7
30/10/21;1,040875664;1,040875664;15;0;16;6
31/10/21;0,990451592;0,990451592;35;0;21;5
01/11/21;0,937776312;0,937776312;6;0;34;6
02/11/21;0,895504817;0,895504817;0;0;0;5
03/11/21;0,856513964;0,856513964;18;0;48;5
04/11/21;0,831330459;0,830119087;21;0;28;5
05/11/21;0,80640951;0,804135298;15;0;8;5
06/11/21;0,782442412;0,779299318;21;0;12;5
07/11/21;0,761833714;0,756787082;33;0;33;6
08/11/21;0,7577832;0,751215844;23;1;25;7
09/11/21;0,757397302;0,749661943;13;0;18;7
10/11/21;0,764536187;0,755797654;3;0;54;9
11/11/21;0,785038634;0,775670784;21;0;19;9
12/11/21;0,827515356;0,817963837;20;0;31;8
13/11/21;0,880417044;0,871192453;18;0;76;7
14/11/21;0,932374196;0,922619737;25;0;11;7
15/11/21;0,98731386;0,977928298;1;0;23;7
16/11/21;1,02666205;1,018172484;28;0;16;7
17/11/21;1,049266531;1,042293935;29;0;7;9
18/11/21;1,07032142;1,065336114;11;0;15;9
19/11/21;1,073925963;1,071044637;2;0;2;9
20/11/21;1,091484683;1,091150145;58;0;21;10
21/11/21;1,108935571;1,11090363;26;0;29;10
22/11/21;1,117232216;1,121244448;0;0;7;9
23/11/21;1,1310287;1,133272151;10;0;17;8
24/11/21;1,125154231;1,125715983;37;1;29;9
25/11/21;1,132022765;1,131622347;20;0;7;9
26/11/21;1,130947952;1,129757946;26;0;24;9
27/11/21;1,140923757;1,139511932;46;0;24;9
28/11/21;1,141676288;1,13971897;27;0;1;8
29/11/21;1,14080994;1,1383326;3;0;24;9
30/11/21;1,140630785;1,136506082;26;1;10;9
01/12/21;1,138378656;1,132762651;14;1;26;8
02/12/21;1,123550665;1,118000134;21;0;16;9
03/12/21;1,112334671;1,106351015;59;0;16;7
04/12/21;1,10446455;1,098435974;16;0;9;7
05/12/21;1,096691627;1,09151097;46;0;10;8
06/12/21;1,082315514;1,078850378;26;0;13;8
07/12/21;1,073476456;1,070391099;33;0;22;7
08/12/21;1,065200643;1,06152802;21;1;13;8
09/12/21;1,079705228;1,076091639;31;0;17;8
10/12/21;1,091649182;1,086398734;42;0;32;9
11/12/21;1,099996865;1,089641339;58;0;31;8
12/12/21;1,103946431;1,090718953;35;1;2;8
13/12/21;1,108922436;1,092084706;55;0;33;10
14/12/21;1,11957176;1,097666411;39;0;7;10
15/12/21;1,141403318;1,116497013;49;0;16;10
16/12/21;1,158738307;1,131904912;78;0;39;10
17/12/21;1,17883624;1,149428842;65;0;50;10
18/12/21;1,179537156;1,148087212;70;0;25;10
19/12/21;1,168646021;1,13616811;44;1;9;10
20/12/21;1,161731775;1,12600089;17;1;9;10
21/12/21;1,145367755;1,109896216;16;1;43;10
22/12/21;1,127504121;1,094735581;69;1;29;10
23/12/21;1,108817089;1,068595025;96;0;37;10
24/12/21;1,098493518;1,048198615;32;0;0;10
25/12/21;1,076968399;1,019371061;102;0;0;10
26/12/21;1,059328044;0,996096773;32;1;22;10
27/12/21;1,062618703;0,988216455;57;0;26;22
28/12/21;1,074875921;0,984640544;184;0;33;22
29/12/21;1,100084038;0,992211634;403;0;24;22
30/12/21;1,140891931;1,011565757;647;1;32;10
31/12/21;1,185137499;1,037039422;589;0;56;10
01/01/22;1,216988524;1,056579324;302;0;136;10
02/01/22;1,239756815;1,076524379;115;1;29;10
03/01/22;1,269614091;1,103683513;197;1;31;10
04/01/22;1,291448957;1,130366068;413;2;79;10
05/01/22;1,354563192;1,16945238;567;0;55;10
06/01/22;1,38595777;1,180221849;579;2;109;10
07/01/22;1,445588401;1,216778948;244;1;0;10
08/01/22;1,475676543;1,239462162;569;1;38;8
09/01/22;1,513723562;1,274957431;448;2;36;10
10/01/22;1,531139722;1,29457229;104;0;81;10
11/01/22;1,529852419;1,300615305;403;0;56;10
12/01/22;1,514811262;1,293609852;552;2;73;8
13/01/22;1,490540092;1,280480853;336;1;46;7
14/01/22;1,459198406;1,265275449;273;0;107;18
15/01/22;1,450235668;1,276752257;365;0;12;20
16/01/22;1,439225769;1,29120296;471;0;14;28
17/01/22;1,40588475;1,290780177;107;0;114;18
18/01/22;1,3595185;1,283497004;381;2;113;20
19/01/22;1,322570726;1,265224489;314;2;191;19
20/01/22;1,269721176;1,232433092;322;1;191;20
21/01/22;1,219685477;1,198144785;271;0;55;19
22/01/22;1,167636209;1,157765128;211;0;34;15
23/01/22;1,112338715;1,112148813;261;0;84;17
24/01/22;1,048641134;1,055974543;50;1;0;20
25/01/22;0,978279284;0,991355924;334;2;25;19
26/01/22;0,903325948;0,918189723;260;1;24;18
27/01/22;0,8252849;0,839880922;245;1;85;20
28/01/22;0,74630238;0,757466868;277;3;24;15
29/01/22;0,664307913;0,672769459;244;0;21;15
30/01/22;0,587525273;0,587830729;122;0;40;15
31/01/22;0,53497347;0,521340154;264;0;129;15
01/02/22;0,505532754;0,486460932;300;0;30;15
02/02/22;0,472966876;0,458536956;346;1;21;16
03/02/22;0,450505499;0,443557296;355;1;35;13
04/02/22;0,440668752;0,444914604;234;1;80;12
05/02/22;0,447873458;0,466964495;44;2;43;10
06/02/22;0,463761538;0,496959378;39;0;82;13
07/02/22;0,508071548;0,56071243;154;0;22;15
08/02/22;0,592724706;0,673676627;346;0;66;15
09/02/22;0,706548865;0,82029424;232;0;26;17
10/02/22;0,846171782;0,986313398;260;0;63;15
11/02/22;1,011046904;1,175555827;300;0;18;18
12/02/22;1,123679577;1,30673568;31;0;107;18
13/02/22;1,184712917;1,381309933;38;0;0;15
14/02/22;1,253433496;1,446102722;136;2;287;14
15/02/22;1,296641073;1,487162638;439;1;0;12
16/02/22;1,314825729;1,487014012;507;0;12;16
17/02/22;1,290626675;1,441937049;169;0;0;18
18/02/22;1,266614985;1,39939435;187;0;0;18
19/02/22;1,213042283;1,332715586;33;0;97;17
20/02/22;1,147900661;1,24710918;29;0;71;17
21/02/22;1,083466037;1,164650805;340;0;78;16
22/02/22;1,023819978;1,093848388;292;1;2085;14
23/02/22;0,968094452;1,031096529;260;0;0;15
24/02/22;0,912560464;0,968500459;218;0;0;15
25/02/22;0,871367176;0,91424012;136;0;143;14
26/02/22;0,840730981;0,865006906;7;0;58;12
27/02/22;0,817165688;0,832215404;29;0;43;12
28/02/22;0,790453116;0,802787407;407;0;45;12
01/03/22;0,749690086;0,758871165;274;1;256;9
02/03/22;0,723695769;0,73318514;36;2;44;9
03/03/22;0,715623118;0,706977714;219;0;98;11
04/03/22;0,708814741;0,672607135;208;0;238;11
05/03/22;0,724545226;0,64687638;27;0;253;11
06/03/22;0,747299331;0,628758841;3;0;30;11
07/03/22;0,790672116;0,621512805;284;0;568;10
08/03/22;0,861162442;0,645681598;537;0;215;9
09/03/22;0,933308932;0,670575115;273;1;1;9
10/03/22;1,006584836;0,703310548;329;0;7;9
11/03/22;1,091064389;0,744191753;292;1;0;8
12/03/22;1,176778055;0,79721938;180;0;121;7
13/03/22;1,259569012;0,856694729;36;1;49;7
14/03/22;1,316459214;0,918398791;24;0;15;9
15/03/22;1,352111459;0,982341077;505;0;45;9
16/03/22;1,384617171;1,054114484;404;0;173;9
17/03/22;1,398768748;1,127335866;344;2;97;12
18/03/22;1,402646579;1,221228099;258;0;30;16
19/03/22;1,398806255;1,315388412;182;0;0;16
20/03/22;1,362774878;1,373185951;68;0;0;16
21/03/22;1,328913657;1,427753808;413;0;145;20
22/03/22;1,296086612;1,48010074;459;0;413;20
23/03/22;1,269693416;1,513341664;274;0;50;18
24/03/22;1,262350381;1,568587914;276;0;87;19
25/03/22;1,259399389;1,607242707;265;0;72;17
26/03/22;1,253350944;1,6204692;175;0;53;17
27/03/22;1,231346095;1,584245978;36;1;0;18
28/03/22;1,229150908;1,574000685;227;0;53;18
29/03/22;1,238871054;1,564353838;393;0;277;17
30/03/22;1,250702767;1,529811102;302;0;70;20
31/03/22;1,239553586;1,473395695;208;0;23;19
01/04/22;1,252685724;1,472739175;203;0;50;17
02/04/22;1,260385867;1,479190629;176;1;312;16
03/04/22;1,261195732;1,468303917;55;0;0;16
04/04/22;1,293828649;1,497337786;371;0;0;16
05/04/22;1,308412593;1,501798918;360;0;126;16
06/04/22;1,326175702;1,485104967;157;1;115;18
07/04/22;1,34260045;1,488283262;202;1;34;18
08/04/22;1,342685688;1,485044727;189;0;144;18
09/04/22;1,3206284;1,448074339;69;1;94;18
10/04/22;1,280467036;1,382242684;152;0;82;19
11/04/22;1,25139146;1,325067083;213;0;135;19
12/04/22;1,212626535;1,258599434;282;0;115;19
13/04/22;1,175117033;1,203373849;209;1;22;20
14/04/22;1,138425647;1,148455317;185;0;249;20
15/04/22;1,102066057;1,10088204;114;0;13;20
16/04/22;1,056733236;1,041091441;96;0;86;17
17/04/22;1,003936036;0,977165868;128;0;30;17
18/04/22;0,942742755;0,904869236;120;0;70;17
19/04/22;0,912212054;0,852929872;27;2;0;16
20/04/22;0,888134892;0,809785587;192;0;150;16
21/04/22;0,869664825;0,766511843;154;3;58;16
22/04/22;0,863457991;0,746651448;182;0;253;13
23/04/22;0,866372696;0,749633205;179;1;189;13
24/04/22;0,87361375;0,764629325;132;0;115;13
25/04/22;0,863665346;0,765222579;32;0;40;15
26/04/22;0,868437672;0,783410276;49;0;0;16
27/04/22;0,874007572;0,805560181;214;0;304;17
28/04/22;0,898274571;0,85569201;156;0;133;18
29/04/22;0,91204384;0,892824529;111;0;120;18
30/04/22;0,932152541;0,940901999;98;0;58;18
01/05/22;0,957874502;0,995344717;41;0;80;18
02/05/22;0,963278296;1,027893436;2;0;60;18
03/05/22;0,956223878;1,034510136;94;0;286;18
04/05/22;0,936177756;1,046474228;81;0;124;18
05/05/22;0,90819783;1,033588321;55;0;388;18
06/05/22;0,867754438;0,993922521;116;0;110;18
07/05/22;0,836283757;0,9603165;69;0;81;18
08/05/22;0,814930719;0,931781691;63;0;116;18
09/05/22;;;15;0;70;18
10/05/22;;;100;0;177;17
11/05/22;;;35;0;216;17
12/05/22;;;53;0;62;18
13/05/22;;;43;0;88;14
14/05/22;;;70;0;113;14
15/05/22;;;30;0;250;14
16/05/22;;;10;0;1330;14
17/05/22;;;63;0;1269;11
18/05/22;;;33;0;1139;10
19/05/22;;;46;0;817;10